<application>
  <component name="ProjectJdkTable">
    <jdk version="2">
      <name value="1.8" />
      <type value="JavaSDK" />
      <version value="java version &quot;1.8.0_202&quot;" />
      <homePath value="$APPLICATION_HOME_DIR$/jre" />
      <roots>
        <annotationsPath>
          <root type="composite">
            <root url="jar://$APPLICATION_HOME_DIR$/lib/jdkAnnotations.jar!/" type="simple" />
          </root>
        </annotationsPath>
        <classPath>
          <root type="composite">
            <root url="jar://$APPLICATION_HOME_DIR$/jre/jre/lib/charsets.jar!/" type="simple" />
            <root url="jar://$APPLICATION_HOME_DIR$/jre/jre/lib/ext/cldrdata.jar!/" type="simple" />
            <root url="jar://$APPLICATION_HOME_DIR$/jre/jre/lib/ext/dnsns.jar!/" type="simple" />
            <root url="jar://$APPLICATION_HOME_DIR$/jre/jre/lib/ext/jaccess.jar!/" type="simple" />
            <root url="jar://$APPLICATION_HOME_DIR$/jre/jre/lib/ext/localedata.jar!/" type="simple" />
            <root url="jar://$APPLICATION_HOME_DIR$/jre/jre/lib/ext/nashorn.jar!/" type="simple" />
            <root url="jar://$APPLICATION_HOME_DIR$/jre/jre/lib/ext/sunec.jar!/" type="simple" />
            <root url="jar://$APPLICATION_HOME_DIR$/jre/jre/lib/ext/sunjce_provider.jar!/" type="simple" />
            <root url="jar://$APPLICATION_HOME_DIR$/jre/jre/lib/ext/sunpkcs11.jar!/" type="simple" />
            <root url="jar://$APPLICATION_HOME_DIR$/jre/jre/lib/ext/zipfs.jar!/" type="simple" />
            <root url="jar://$APPLICATION_HOME_DIR$/jre/jre/lib/jce.jar!/" type="simple" />
            <root url="jar://$APPLICATION_HOME_DIR$/jre/jre/lib/jsse.jar!/" type="simple" />
            <root url="jar://$APPLICATION_HOME_DIR$/jre/jre/lib/management-agent.jar!/" type="simple" />
            <root url="jar://$APPLICATION_HOME_DIR$/jre/jre/lib/resources.jar!/" type="simple" />
            <root url="jar://$APPLICATION_HOME_DIR$/jre/jre/lib/rt.jar!/" type="simple" />
          </root>
        </classPath>
        <javadocPath>
          <root type="composite">
            <root url="https://docs.oracle.com/javase/8/docs/api/" type="simple" />
          </root>
        </javadocPath>
        <sourcePath>
          <root type="composite" />
        </sourcePath>
      </roots>
      <additional />
    </jdk>
    <jdk version="2">
      <name value="" />
      <type value="JavaSDK" />
      <homePath value="/mnt/all_files/work/learning/unity/Space Shooter 20" />
      <roots>
        <annotationsPath>
          <root type="composite">
            <root url="jar://$APPLICATION_PLUGINS_DIR$/rider-android/lib/jdkAnnotations.jar!/" type="simple" />
          </root>
        </annotationsPath>
        <classPath>
          <root type="composite" />
        </classPath>
        <javadocPath>
          <root type="composite" />
        </javadocPath>
        <sourcePath>
          <root type="composite" />
        </sourcePath>
      </roots>
      <additional />
    </jdk>
    <jdk version="2">
      <name value="(2)" />
      <type value="JavaSDK" />
      <homePath value="$USER_HOME$" />
      <roots>
        <annotationsPath>
          <root type="composite">
            <root url="jar://$APPLICATION_PLUGINS_DIR$/rider-android/lib/jdkAnnotations.jar!/" type="simple" />
          </root>
        </annotationsPath>
        <classPath>
          <root type="composite" />
        </classPath>
        <javadocPath>
          <root type="composite" />
        </javadocPath>
        <sourcePath>
          <root type="composite" />
        </sourcePath>
      </roots>
      <additional />
    </jdk>
  </component>
</application>